Ticker,Company,Sector,Current Price,Intrinsic Value,Margin of Safety,MoS %,MoS Band,Piotroski F-Score,Altman Z-Score,WACC,ROIC,EV/FCF Yield,Normalized EPS,EPV Value,Multiple Value,DCF Value,Interest Coverage,Debt/Equity,Years of Data
BLDR,"Builders FirstSource, Inc.",Industrials,78.37000274658203,134.9313835822839,0.41918625107115715,41.9%,Strong (30-50%),5,2.48,7.4%,6.7%,13.9%,13.49313835822839,149.923759535871,134.9313835822839,N/A,2.9x,1.17,4
APA,APA Corporation,Energy,39.959999084472656,61.52369702656885,0.3504941832865467,35.0%,Strong (30-50%),7,1.71,6.3%,21.4%,8.0%,6.152369702656885,68.35966336285428,61.52369702656885,N/A,9.9x,0.75,4
DVN,Devon Energy Corporation,Energy,50.35499954223633,61.53044799561671,0.1816246885473107,18.2%,Slight (10-20%),6,2.56,6.5%,13.4%,5.2%,6.1530447995616715,68.36716443957413,61.53044799561671,N/A,7.8x,0.55,4
FOXA,Fox Corporation,Communication Services,63.7599983215332,77.33171462907166,0.17550000504497254,17.6%,Slight (10-20%),8,3.22,6.3%,18.1%,6.4%,7.7331714629071655,85.92412736563517,77.33171462907166,N/A,8.0x,0.62,4
HPQ,HP Inc.,Technology,20.860000610351562,25.26920449147483,0.17448922393306124,17.4%,Slight (10-20%),5,1.62,7.9%,41.8%,12.0%,3.1980201887201165,35.533557652445744,25.26920449147483,73.24556675716893,6.5x,N/A,4
FOX,Fox Corporation,Communication Services,57.33000183105469,69.06918793175085,0.16996270626919735,17.0%,Slight (10-20%),8,3.07,6.3%,18.1%,7.1%,6.906918793175085,76.74354214638983,69.06918793175085,N/A,8.0x,0.62,4
BF-B,Brown-Forman Corporation,Consumer Defensive,25.889999389648438,30.26571923424182,0.1445767672239162,14.5%,Slight (10-20%),4,3.99,5.9%,14.7%,3.7%,3.026571923424182,33.62857692693536,30.26571923424182,63.77136938267961,9.6x,0.68,4
GIS,"General Mills, Inc.",Consumer Defensive,35.08729934692383,40.560654737619046,0.1349424812321585,13.5%,Slight (10-20%),5,2.22,5.0%,10.8%,7.2%,4.728009746072796,52.53344162303107,40.560654737619046,232.99576283758213,6.0x,1.66,4
CAG,"Conagra Brands, Inc.",Consumer Defensive,14.220000267028809,16.04912976282302,0.113970634098261,11.4%,Slight (10-20%),5,1.51,5.0%,6.8%,7.2%,1.604912976282302,17.83236640313669,16.04912976282302,N/A,3.5x,0.90,4
CPB,The Campbell's Company,Consumer Defensive,20.809999465942383,23.344229364190934,0.10855915861313259,10.9%,Slight (10-20%),7,1.71,5.0%,9.7%,5.8%,2.3344229364190934,25.938032626878815,23.344229364190934,133.2210057761941,3.9x,1.85,4
DHI,"D.R. Horton, Inc.",Consumer Cyclical,152.07000732421875,167.01482697911715,0.08948199345658715,8.9%,Minimal (0-10%),4,6.10,10.7%,12.8%,5.3%,16.701482697911715,185.57202997679684,167.01482697911715,N/A,N/A,0.25,4
APTV,Aptiv PLC,Consumer Cyclical,60.70000076293945,64.32351867944897,0.05633270677506031,5.6%,Minimal (0-10%),8,2.38,9.0%,10.3%,5.3%,6.432351867944896,71.47057631049884,64.32351867944897,N/A,5.6x,0.88,4
GM,General Motors Company,Consumer Cyclical,76.33999633789062,79.75798600055755,0.04285451318496222,4.3%,Minimal (0-10%),5,1.20,5.0%,1.3%,N/A,7.9757986000557555,88.61998444506395,79.75798600055755,N/A,4.0x,2.15,4
CF,"CF Industries Holdings, Inc.",Basic Materials,122.95010375976562,122.77332254698737,-0.0014398992314522963,-0.1%,Overvalued,8,3.42,6.3%,28.9%,9.7%,12.277332254698738,136.41480282998597,122.77332254698737,N/A,16.4x,0.75,4
BALL,Ball Corporation,Consumer Cyclical,60.93000030517578,59.6085580200247,-0.022168667202235592,-2.2%,Overvalued,6,2.51,8.1%,9.8%,N/A,5.96085580200247,66.23173113336078,59.6085580200247,N/A,4.4x,1.29,4
CHTR,"Charter Communications, Inc.",Communication Services,171.63999938964844,161.81176948927634,-0.060738659069069965,-6.1%,Overvalued,7,0.64,5.2%,9.3%,3.4%,34.853072994489686,387.256366605441,161.81176948927634,1375.6796131680253,2.6x,6.05,4
AIG,"American International Group, Inc.",Financial Services,78.68000030517578,72.73773990483649,-0.08169432275615948,-8.2%,Overvalued,5,N/A,8.3%,N/A,8.5%,7.273773990483649,80.81971100537388,72.73773990483649,153.9394487228388,N/A,0.22,4
BBY,"Best Buy Co., Inc.",Consumer Cyclical,60.29999923706055,55.66379682652947,-0.08328936714430975,-8.3%,Overvalued,7,4.20,8.7%,25.8%,7.0%,5.566379682652947,61.8486631405883,55.66379682652947,91.21680046485932,37.2x,1.39,4
IT,"Gartner, Inc.",Technology,148.6199951171875,136.02431520301877,-0.09259873791953625,-9.3%,Overvalued,6,3.22,7.9%,47.7%,9.9%,13.602431520301877,151.1381280033542,136.02431520301877,355.62110874855637,9.4x,10.47,4
FISV,"Fiserv, Inc.",Unknown,62.5099983215332,56.46169952091034,-0.10712215275034197,-10.7%,Overvalued,5,1.35,6.9%,8.3%,6.6%,5.726558812038549,63.62843124487277,56.46169952091034,199.33173800071467,3.7x,1.13,4
EOG,"EOG Resources, Inc.",Energy,138.4199981689453,124.76764406286503,-0.10942223209088928,-10.9%,Overvalued,4,3.80,5.7%,16.4%,6.5%,12.476764406286502,138.6307156254056,124.76764406286503,371.18164871675566,30.9x,0.28,4
CTSH,Cognizant Technology Solutions Corporation,Technology,52.529998779296875,46.966173361522195,-0.11846452498795516,-11.8%,Overvalued,7,5.44,9.0%,18.4%,9.0%,4.69661733615222,52.184637068358,46.966173361522195,79.22517432213773,89.9x,0.08,4
BRK-B,Berkshire Hathaway Inc.,Financial Services,476.8999938964844,412.4241461490111,-0.15633383338369763,-15.6%,Overvalued,3,N/A,7.3%,N/A,2.0%,41.24241461490111,458.249051276679,412.4241461490111,N/A,N/A,0.18,4
GL,Globe Life Inc.,Financial Services,153.65499877929688,130.57442291565042,-0.17676184468803854,-17.7%,Overvalued,6,N/A,6.3%,N/A,9.3%,13.05744229156504,145.08269212850047,130.57442291565042,543.2068424390305,N/A,0.44,4
DD,"DuPont de Nemours, Inc.",Basic Materials,45.970001220703125,37.907696575237054,-0.21268252555162417,-21.3%,Overvalued,6,0.57,9.7%,4.1%,N/A,3.7907696575237053,42.11966286137451,37.907696575237054,N/A,2.7x,0.23,4
CTRA,Coterra Energy Inc.,Energy,35.17499923706055,28.076399765997166,-0.25283154286969406,-25.3%,Overvalued,7,2.77,5.5%,10.3%,6.5%,2.8076399765997166,31.195999739996854,28.076399765997166,N/A,11.1x,0.27,4
ACGL,Arch Capital Group Ltd.,Financial Services,95.16000366210938,75.80096262740656,-0.2553930763367821,-25.5%,Overvalued,6,N/A,6.1%,N/A,15.7%,10.355322763306907,115.05914181452118,75.80096262740656,514.9353200860817,N/A,0.11,4
CMCSA,Comcast Corporation,Communication Services,27.145000457763672,21.26907792140299,-0.27626597439129064,-27.6%,Overvalued,8,1.36,5.9%,8.8%,7.7%,3.9960321121690665,44.400356801878516,21.26907792140299,143.06060394489958,4.7x,1.02,4
GDDY,GoDaddy Inc.,Technology,85.29000091552734,66.67262360091581,-0.2792357088878051,-27.9%,Overvalued,5,1.29,7.8%,30.0%,8.4%,6.667262360091581,74.08069288990646,66.67262360091581,192.03130340882544,7.5x,17.96,4
AFL,Aflac Incorporated,Financial Services,114.12999725341797,88.95657454018374,-0.2829855223557739,-28.3%,Overvalued,3,N/A,6.9%,N/A,5.1%,8.895657454018373,98.84063837798193,88.95657454018374,158.1105510611467,N/A,0.29,4
DAL,"Delta Air Lines, Inc.",Industrials,70.37999725341797,54.75313531620379,-0.2854057917773619,-28.5%,Overvalued,6,1.46,8.4%,12.5%,3.2%,5.475313531620379,60.83681701800421,54.75313531620379,N/A,8.6x,0.97,4
EG,"Everest Group, Ltd.",Financial Services,357.26251220703125,277.6248289070352,-0.2868536060463935,-28.7%,Overvalued,6,N/A,5.5%,N/A,24.7%,38.178391959798994,424.20435510887773,277.6248289070352,4222.545703795172,N/A,0.23,4
COP,ConocoPhillips,Energy,123.7750015258789,96.17957570176,-0.2869156535862523,-28.7%,Overvalued,7,3.19,5.2%,11.0%,6.3%,9.617957570176,106.86619522417777,96.17957570176,N/A,9.2x,0.36,4
AMP,"Ameriprise Financial, Inc.",Financial Services,472.4849853515625,351.52608213096556,-0.34409652475099173,-34.4%,Overvalued,5,N/A,9.9%,N/A,15.2%,35.152608213096556,390.58453570107287,351.52608213096556,959.484483434962,N/A,0.90,4
ADM,Archer-Daniels-Midland Company,Consumer Defensive,75.12000274658203,55.51519407439503,-0.35314311692606,-35.3%,Overvalued,4,3.11,7.0%,3.6%,5.9%,5.551519407439503,61.68354897155004,55.51519407439503,N/A,2.3x,0.43,4
GEN,Gen Digital Inc.,Technology,19.204999923706055,14.116743260923512,-0.3604412553756164,-36.0%,Overvalued,8,1.04,8.2%,13.4%,6.6%,1.4116743260923512,15.685270289915014,14.116743260923512,N/A,2.8x,3.66,4
BAC,Bank of America Corporation,Financial Services,53.755001068115234,39.03100835957599,-0.37723833760310244,-37.7%,Overvalued,5,N/A,11.2%,N/A,2.1%,3.9031008359575994,43.367787066195554,39.03100835957599,N/A,N/A,1.21,4
ELV,"Elevance Health, Inc.",Healthcare,373.3349914550781,270.79966613001756,-0.3786390389264027,-37.9%,Overvalued,4,2.67,5.9%,N/A,5.2%,27.079966613001755,300.88851792224176,270.79966613001756,N/A,N/A,0.73,4
HIG,"The Hartford Insurance Group, Inc.",Financial Services,137.58999633789062,99.51735232652791,-0.3825729194084864,-38.3%,Overvalued,7,N/A,6.7%,N/A,11.5%,10.27793956184861,114.19932846498456,99.51735232652791,496.6213641801491,N/A,0.23,4
DVA,DaVita Inc.,Healthcare,154.92999267578125,111.27110798982572,-0.39236496764234213,-39.2%,Overvalued,6,1.57,5.9%,13.8%,5.8%,11.127110798982573,123.6345644331397,111.27110798982572,693.4984834648542,3.5x,N/A,4
CI,The Cigna Group,Healthcare,283.7149963378906,200.93724716254945,-0.4119582125477094,-41.2%,Overvalued,6,2.55,5.1%,N/A,8.8%,20.093724716254947,223.26360795838832,200.93724716254945,1631.0711454727557,N/A,0.75,4
EPAM,"EPAM Systems, Inc.",Technology,112.16000366210938,79.0755194122105,-0.41839098239031125,-41.8%,Overvalued,6,5.39,12.8%,16.3%,10.8%,7.90755194122105,87.86168823578944,79.0755194122105,102.30637411022425,N/A,0.04,4
GEHC,GE HealthCare Technologies Inc.,Healthcare,59.81999969482422,41.55383891675722,-0.43957817747377576,-44.0%,Overvalued,4,1.74,8.8%,13.3%,5.0%,4.155383891675722,46.17093212973025,41.55383891675722,64.18337606287483,6.3x,1.01,4
AOS,A. O. Smith Corporation,Industrials,60.474998474121094,41.64788607512528,-0.4520544539772102,-45.2%,Overvalued,8,7.81,11.0%,30.7%,5.8%,4.164788607512528,46.275428972361425,41.64788607512528,55.65689333022886,53.9x,0.10,4
EMR,Emerson Electric Co.,Industrials,137.98500061035156,92.13078291814946,-0.49770789132379084,-49.8%,Overvalued,7,4.17,9.5%,8.6%,2.4%,9.213078291814947,102.36753657572163,92.13078291814946,N/A,9.1x,0.68,4
DG,Dollar General Corporation,Consumer Defensive,114.94999694824219,76.22643605905053,-0.5080069709568158,-50.8%,Overvalued,7,2.53,5.0%,7.5%,3.3%,7.622643605905052,84.6960400656117,76.22643605905053,N/A,9.6x,1.85,4
CB,Chubb Limited,Financial Services,329.1099853515625,218.22301054081595,-0.5081360326573191,-50.8%,Overvalued,6,N/A,6.5%,N/A,9.3%,21.822301054081596,242.47001171201774,218.22301054081595,1006.6009606604296,N/A,0.23,4
EXE,Expand Energy Corporation,Energy,100.05000305175781,65.81345053622692,-0.5202060101177255,-52.0%,Overvalued,8,2.47,6.1%,9.5%,4.0%,8.84090697606458,98.2322997340509,65.81345053622692,N/A,11.8x,0.27,4
ACN,Accenture plc,Technology,178.5449981689453,116.8354407980302,-0.5281749865401758,-52.8%,Overvalued,5,4.21,10.0%,30.7%,8.8%,11.68354407980302,129.8171564422558,116.8354407980302,224.26757394332364,47.4x,0.26,4
MO,"Altria Group, Inc.",Consumer Defensive,73.44999694824219,48.02360354684467,-0.5294561741206139,-52.9%,Overvalued,6,4.93,8.4%,53.6%,6.0%,4.802360354684467,53.35955949649408,48.02360354684467,99.7548294332874,10.2x,N/A,4
HRL,Hormel Foods Corporation,Consumer Defensive,21.395000457763672,13.978204175501626,-0.5305972204398628,-53.1%,Overvalued,5,3.38,5.4%,7.0%,5.7%,1.3978204175501625,15.531337972779584,13.978204175501626,62.408197889897004,11.5x,0.36,4
BIIB,Biogen Inc.,Healthcare,188.0800018310547,120.7877149213094,-0.5571120122074067,-55.7%,Overvalued,4,3.31,5.0%,8.9%,5.5%,12.07877149213094,134.20857213478823,120.7877149213094,N/A,9.2x,0.36,4
CFG,"Citizens Financial Group, Inc.",Financial Services,64.73999786376953,41.20077128688873,-0.571329755284743,-57.1%,Overvalued,7,N/A,10.3%,N/A,10.6%,4.120077128688873,45.7786347632097,41.20077128688873,N/A,N/A,0.43,4
CDW,CDW Corporation,Technology,135.41000366210938,85.23575519906656,-0.5886525947457352,-58.9%,Overvalued,5,2.50,7.9%,16.8%,5.4%,8.523575519906656,94.70639466562952,85.23575519906656,201.98579798287457,7.3x,2.22,4
HBAN,Huntington Bancshares Incorporated,Financial Services,16.7450008392334,10.285474519358136,-0.6280241429520714,-62.8%,Overvalued,5,N/A,10.2%,N/A,6.7%,1.0285474519358135,11.42830502150904,10.285474519358136,N/A,N/A,0.76,4
HSY,The Hershey Company,Consumer Defensive,183.2899932861328,111.61561965976207,-0.6421536147436689,-64.2%,Overvalued,5,4.26,5.0%,12.2%,4.2%,11.161561965976208,124.01735517751342,111.61561965976207,611.6981989180551,6.5x,1.24,4
HCA,"HCA Healthcare, Inc.",Healthcare,435.3800048828125,264.0306202944647,-0.6489754271578327,-64.9%,Overvalued,7,2.66,8.7%,22.7%,3.8%,26.403062029446474,293.3673558827386,264.0306202944647,453.16641933617365,5.3x,N/A,4
XOM,Exxon Mobil Corporation,Energy,153.00999450683594,92.78948319808873,-0.6490014733694263,-64.9%,Overvalued,5,4.60,5.5%,9.2%,5.5%,9.278948319808872,103.09942577565414,92.78948319808873,N/A,56.3x,0.17,4
GPC,Genuine Parts Company,Consumer Cyclical,104.66500091552734,63.02011752336766,-0.6608188786178937,-66.1%,Overvalued,6,2.25,6.3%,9.2%,3.8%,6.302011752336766,70.02235280374184,63.02011752336766,N/A,7.4x,1.48,4
JPM,JPMorgan Chase & Co.,Financial Services,314.2250061035156,189.16495614853517,-0.661116374307625,-66.1%,Overvalued,3,N/A,10.4%,N/A,N/A,18.916495614853517,210.18328460948354,189.16495614853517,N/A,N/A,1.38,4
EIX,Edison International,Utilities,69.41999816894531,41.56252921352521,-0.6702544210508433,-67.0%,Overvalued,6,0.73,5.0%,7.0%,N/A,5.50814286340335,61.201587371148335,41.56252921352521,N/A,3.4x,2.36,4
DELL,Dell Technologies Inc.,Technology,210.24000549316406,125.57782805114871,-0.6741809342930494,-67.4%,Overvalued,7,2.17,8.2%,38.1%,2.7%,12.557782805114872,139.53092005683192,125.57782805114871,N/A,5.4x,N/A,4
BG,Bunge Global SA,Consumer Defensive,125.77999877929688,74.81260190575503,-0.681267534816499,-68.1%,Overvalued,3,2.88,6.0%,3.3%,N/A,7.481260190575504,83.12511322861671,74.81260190575503,N/A,2.1x,1.00,4
FDS,FactSet Research Systems Inc.,Financial Services,231.67999267578125,137.19421855931057,-0.6887008440200666,-68.9%,Overvalued,6,N/A,7.2%,17.3%,6.0%,13.719421855931056,152.4380206214562,137.19421855931057,388.2319641643279,13.3x,0.71,4
C,Citigroup Inc.,Financial Services,128.71499633789062,74.84316369606003,-0.7197963044508041,-72.0%,Overvalued,3,N/A,11.1%,N/A,N/A,7.484316369606003,83.15907077340005,74.84316369606003,N/A,N/A,1.73,4
HAL,Halliburton Company,Energy,41.630001068115234,23.922736635143018,-0.7401855691944483,-74.0%,Overvalued,4,3.85,7.0%,14.9%,4.5%,2.3922736635143016,26.58081848349224,23.922736635143018,57.020751155179305,8.8x,0.78,4
CVX,Chevron Corporation,Energy,191.30499267578125,108.9337469810546,-0.7561591148521899,-75.6%,Overvalued,5,3.38,6.8%,6.0%,5.4%,10.89337469810546,121.03749664561622,108.9337469810546,N/A,13.7x,0.22,4
ADBE,Adobe Inc.,Technology,248.75,141.47699158832262,-0.7582364256360933,-75.8%,Overvalued,7,7.31,11.4%,53.6%,7.9%,14.147699158832262,157.19665732035847,141.47699158832262,242.65611823328962,33.1x,0.57,4
AES,The AES Corporation,Utilities,14.28499984741211,8.035658432028223,-0.7777012261341893,-77.8%,Overvalued,4,0.48,5.2%,4.8%,N/A,0.8035658432028223,8.928509368920249,8.035658432028223,N/A,1.4x,7.36,4
CINF,Cincinnati Financial Corporation,Financial Services,163.0399932861328,91.06436941926154,-0.7903818400750635,-79.0%,Overvalued,5,N/A,7.5%,N/A,9.9%,9.763280165277513,108.4808907253057,91.06436941926154,363.04819542572426,N/A,0.06,4
FANG,"Diamondback Energy, Inc.",Energy,203.14999389648438,111.36222439071418,-0.8242271560931916,-82.4%,Overvalued,5,1.71,5.7%,7.5%,N/A,11.136222439071418,123.73580487857132,111.36222439071418,N/A,18.6x,0.40,4
AIZ,"Assurant, Inc.",Financial Services,236.24000549316406,128.14590926221157,-0.8435235806846619,-84.4%,Overvalued,6,N/A,6.7%,N/A,8.4%,12.814590926221157,142.38434362467953,128.14590926221157,N/A,N/A,0.38,4
AVY,Avery Dennison Corporation,Consumer Cyclical,163.11000061035156,86.22927736251285,-0.8915849187118632,-89.2%,Overvalued,5,3.51,7.9%,15.4%,4.0%,8.622927736251285,95.81030818056983,86.22927736251285,176.6956949919441,8.3x,1.66,4
CARR,Carrier Global Corporation,Industrials,68.05000305175781,35.82272708597063,-0.8996321214865984,-90.0%,Overvalued,4,2.74,9.5%,6.1%,2.1%,3.5822727085970625,39.80303009552292,35.82272708597063,N/A,4.2x,0.89,4
FITB,Fifth Third Bancorp,Financial Services,50.724998474121094,26.58080000176635,-0.9083322725708147,-90.8%,Overvalued,6,N/A,9.8%,N/A,7.1%,2.6580800001766347,29.53422222418483,26.58080000176635,66.20628820175011,N/A,0.64,4
ABT,Abbott Laboratories,Healthcare,89.41999816894531,46.764487805676545,-0.9121346638183642,-91.2%,Overvalued,5,4.51,7.8%,11.1%,4.1%,4.676448780567655,51.96054200630728,46.764487805676545,81.30007180372849,16.3x,0.27,4
HSIC,"Henry Schein, Inc.",Healthcare,74.18000030517578,37.95271433411971,-0.9545374186448511,-95.5%,Overvalued,4,2.74,7.3%,9.2%,4.2%,3.7952714334119713,42.16968259346635,37.95271433411971,103.93784514609149,5.1x,1.06,4
GPN,Global Payments Inc.,Industrials,72.26000213623047,36.950965218506745,-0.9555646708800811,-95.6%,Overvalued,4,0.91,5.1%,3.2%,5.9%,3.6950965218506746,41.05662802056305,36.950965218506745,347.9012584958,2.3x,0.96,4
EXC,Exelon Corporation,Utilities,46.720001220703125,23.764261086766428,-0.9659774419293865,-96.6%,Overvalued,6,0.76,5.1%,5.2%,N/A,2.3764261086766427,26.404734540851585,23.764261086766428,N/A,2.4x,1.74,4
BEN,"Franklin Resources, Inc.",Financial Services,30.020000457763672,15.224084377552657,-0.9718755961460014,-97.2%,Overvalued,7,N/A,6.6%,4.0%,4.5%,1.5224084377552658,16.915649308391842,15.224084377552657,N/A,11.6x,1.10,4
ABNB,"Airbnb, Inc.",Consumer Cyclical,142.99000549316406,70.68549911383039,-1.0229043762270968,-102.3%,Overvalued,5,4.50,10.0%,54.2%,5.1%,7.068549911383038,78.53944345981154,70.68549911383039,144.12151821357716,N/A,0.25,4
CPAY,"Corpay, Inc.",Technology,306.70001220703125,151.58280432813226,-1.0233166523500634,-102.3%,Overvalued,6,1.49,6.8%,13.4%,5.0%,15.158280432813227,168.42533814236918,151.58280432813226,N/A,4.8x,2.58,4
IQV,IQVIA Holdings Inc.,Healthcare,157.44000244140625,77.17449535847685,-1.040052244074869,-104.0%,Overvalued,5,1.74,8.4%,8.8%,4.5%,7.717449535847685,85.7494392871965,77.17449535847685,204.97206844874734,3.1x,2.45,4
DOV,Dover Corporation,Industrials,224.73500061035156,109.78063099797838,-1.0471279730072793,-104.7%,Overvalued,6,5.62,9.8%,11.7%,2.7%,10.978063099797838,121.97847888664265,109.78063099797838,N/A,12.5x,0.48,4
ED,"Consolidated Edison, Inc.",Utilities,111.80999755859375,54.434971429416436,-1.0540104021836978,-105.4%,Overvalued,6,1.13,5.0%,4.7%,N/A,5.443497142941643,60.48330158824048,54.434971429416436,N/A,2.4x,1.17,4
HST,"Host Hotels & Resorts, Inc.",Real Estate,21.290000915527344,10.311591203731279,-1.0646668874754748,-106.5%,Overvalued,8,1.99,8.2%,5.7%,4.5%,1.0311591203731278,11.457323559701422,10.311591203731279,25.51178625896277,3.5x,0.86,4
DPZ,"Domino's Pizza, Inc.",Consumer Cyclical,337.92999267578125,162.1417406778392,-1.0841640854665375,-108.4%,Overvalued,8,2.97,8.1%,73.5%,3.2%,16.214174067783922,180.1574896420436,162.1417406778392,314.79225208760215,4.8x,N/A,4
EXPD,"Expeditors International of Washington, Inc.",Industrials,147.11000061035156,70.1341289859013,-1.0975522579017745,-109.8%,Overvalued,8,8.74,9.6%,51.6%,6.2%,7.013412898590129,77.92680998433477,70.1341289859013,N/A,N/A,0.24,4
ERIE,Erie Indemnity Company,Financial Services,216.30999755859375,103.06978915443801,-1.0986750757244546,-109.9%,Overvalued,5,N/A,6.6%,N/A,3.7%,10.306978915443802,114.52198794937557,103.06978915443801,257.1518210223805,N/A,N/A,4
ALLE,Allegion plc,Industrials,136.88499450683594,65.15615174903525,-1.1008759853418257,-110.1%,Overvalued,6,4.30,8.7%,18.4%,4.1%,6.515615174903525,72.39572416559473,65.15615174903525,113.94458499338786,8.5x,0.96,4
HD,"The Home Depot, Inc.",Consumer Cyclical,325.3399963378906,153.63529192278716,-1.1176123810237395,-111.8%,Overvalued,4,5.61,8.6%,21.5%,3.8%,15.363529192278715,170.70587991420797,153.63529192278716,267.49312238585804,8.7x,5.10,4
DE,Deere & Company,Industrials,577.6900024414062,272.3362341634314,-1.1212381239535292,-112.1%,Overvalued,5,3.12,7.7%,8.1%,1.5%,27.233623416343143,302.59581573714604,272.3362341634314,N/A,2.7x,2.48,4
GS,"The Goldman Sachs Group, Inc.",Financial Services,930.0499877929688,434.1529833856724,-1.1422171985094356,-114.2%,Overvalued,4,N/A,11.5%,N/A,N/A,43.41529833856724,482.39220376185824,434.1529833856724,N/A,N/A,3.09,4
DECK,Deckers Outdoor Corporation,Consumer Cyclical,101.93000030517578,47.45377862740106,-1.1479849077038244,-114.8%,Overvalued,9,12.31,10.3%,103.4%,4.8%,4.7453778627401055,52.72642069711229,47.45377862740106,N/A,335.3x,0.11,4
KVUE,Kenvue Inc.,Consumer Defensive,17.540000915527344,8.10972850391025,-1.1628345396606214,-116.3%,Overvalued,6,2.11,6.5%,11.7%,4.8%,0.810972850391025,9.010809448789166,8.10972850391025,29.88512422911792,6.3x,0.81,4
T,AT&T Inc.,Communication Services,26.350000381469727,12.093174088422245,-1.1789151622894996,-117.9%,Overvalued,6,0.91,5.4%,8.0%,5.5%,1.3951895885054375,15.502106538949306,12.093174088422245,108.50471730530819,3.7x,1.40,4
CRH,CRH plc,Basic Materials,116.30999755859375,53.14274649340334,-1.1886335433008046,-118.9%,Overvalued,6,3.11,9.1%,10.6%,2.9%,5.314274649340334,59.04749610378149,53.14274649340334,68.25408224901788,6.6x,0.82,4
BRO,"Brown & Brown, Inc.",Financial Services,59.084999084472656,26.479000348611162,-1.2313908496010006,-123.1%,Overvalued,4,N/A,7.0%,6.1%,3.9%,2.647900034861116,29.421111498456845,26.479000348611162,81.39961296943798,4.9x,0.63,4
CVS,CVS Health Corporation,Healthcare,82.91000366210938,37.13509401855574,-1.2326590480875241,-123.3%,Overvalued,6,2.35,5.3%,5.6%,5.3%,3.7135094018555743,41.26121557617305,37.13509401855574,337.4476685386765,3.3x,1.06,4
AMCR,Amcor plc,Consumer Cyclical,37.845001220703125,16.74076864562896,-1.2606489595437131,-126.1%,Overvalued,5,1.00,5.2%,4.0%,2.7%,1.6740768645628963,18.60085405069885,16.74076864562896,84.59022918340578,3.3x,1.28,4
DRI,"Darden Restaurants, Inc.",Consumer Cyclical,198.64999389648438,87.56929966640854,-1.268489009883977,-126.8%,Overvalued,6,2.54,6.4%,13.7%,3.3%,8.756929966640854,97.29922185156505,87.56929966640854,253.53274120913267,8.0x,2.70,4
GOOG,Alphabet Inc.,Communication Services,382.59698486328125,168.28567488047076,-1.2734970468224975,-127.3%,Overvalued,6,N/A,9.9%,23.0%,1.5%,16.828567488047078,186.9840832005231,168.28567488047076,189.04140427237581,175.3x,0.14,4
FDX,FedEx Corporation,Industrials,396.7049865722656,169.95537209348757,-1.3341715044703006,-133.4%,Overvalued,5,2.89,8.2%,7.9%,2.3%,16.995537209348758,188.8393023260973,169.95537209348757,245.35237414897824,7.6x,1.33,4
BK,The Bank of New York Mellon Corporation,Financial Services,135.5800018310547,58.0473761580701,-1.3356783855630918,-133.6%,Overvalued,6,N/A,10.2%,N/A,N/A,5.80473761580701,64.4970846200779,58.0473761580701,N/A,N/A,0.77,4
JNJ,Johnson & Johnson,Healthcare,228.6199951171875,97.58571945528212,-1.3427607686179002,-134.3%,Overvalued,3,3.71,5.7%,18.4%,3.1%,9.758571945528212,108.4285771725357,97.58571945528212,290.1461358927057,26.4x,0.59,4
HII,"Huntington Ingalls Industries, Inc.",Industrials,359.375,153.32487953489598,-1.3438792261904764,-134.4%,Overvalued,8,2.88,5.6%,6.7%,3.0%,15.332487953489599,170.36097726099555,153.32487953489598,N/A,5.8x,0.58,4
ITW,Illinois Tool Works Inc.,Industrials,256.20001220703125,108.86805561697795,-1.3533075037952353,-135.3%,Overvalued,5,7.98,9.3%,28.7%,3.2%,10.886805561697795,120.96450624108661,108.86805561697795,150.97902145152693,14.4x,2.86,4
EW,Edwards Lifesciences Corporation,Healthcare,83.6500015258789,35.43715961579209,-1.3605165434478392,-136.1%,Overvalued,6,11.34,9.0%,15.9%,1.7%,3.543715961579209,39.37462179532454,35.43715961579209,N/A,80.2x,0.07,4
AZO,"AutoZone, Inc.",Consumer Cyclical,3625.455078125,1535.2938249006786,-1.3614079724182688,-136.1%,Overvalued,6,2.82,5.9%,33.2%,2.9%,153.52938249006786,1705.8820276674207,1535.2938249006786,4608.420755010624,7.4x,N/A,4
DTE,DTE Energy Company,Utilities,152.32000732421875,64.24612303730078,-1.3708824769983863,-137.1%,Overvalued,5,1.02,5.0%,5.2%,N/A,6.424612303730077,71.38458115255642,64.24612303730078,N/A,2.4x,2.14,4
FTV,Fortive Corporation,Technology,58.939998626708984,24.843273272955777,-1.3724731430970765,-137.2%,Overvalued,6,3.18,8.4%,6.1%,6.2%,2.4843273272955777,27.603636969950866,24.843273272955777,81.21603817233522,6.0x,0.51,4
AON,Aon plc,Financial Services,319.8699951171875,134.6374504226443,-1.375787673586171,-137.6%,Overvalued,8,N/A,7.6%,15.4%,3.7%,13.46374504226443,149.59716713627145,134.6374504226443,317.7315652579052,5.8x,1.72,4
ADP,"Automatic Data Processing, Inc.",Technology,210.5449981689453,88.57089365951074,-1.3771353033687832,-137.7%,Overvalued,8,2.50,8.2%,35.9%,3.9%,8.857089365951074,98.41210406612305,88.57089365951074,175.09601023233046,11.9x,1.46,4
CSX,CSX Corporation,Industrials,45.25,19.02575788986138,-1.3783546632911392,-137.8%,Overvalued,5,2.65,9.3%,11.7%,2.7%,1.902575788986138,21.13973098873487,19.02575788986138,24.54558309281006,5.6x,1.47,4
SCHW,The Charles Schwab Corporation,Financial Services,92.625,38.898810048003455,-1.3811782387609086,-138.1%,Overvalued,7,N/A,9.0%,N/A,5.2%,3.889881004800346,43.220900053337175,38.898810048003455,N/A,N/A,0.63,4
AXP,American Express Company,Financial Services,322.0050048828125,135.01601901129897,-1.3849392630652602,-138.5%,Overvalued,4,N/A,10.3%,N/A,7.0%,13.501601901129895,150.01779890144329,135.01601901129897,332.94961559813436,N/A,1.73,4
EVRG,"Evergy, Inc.",Utilities,83.69999694824219,34.881905831912036,-1.3995247665529922,-140.0%,Overvalued,4,0.87,5.5%,4.8%,N/A,3.4881905831912032,38.757673146568926,34.881905831912036,N/A,2.5x,1.49,4
AVB,"AvalonBay Communities, Inc.",Real Estate,183.38499450683594,75.45885594914742,-1.4302647078352364,-143.0%,Overvalued,4,1.71,6.6%,3.5%,3.9%,7.545885594914742,83.84317327683047,75.45885594914742,282.56780455956,3.5x,0.82,4
CPRT,"Copart, Inc.",Industrials,33.275001525878906,13.60763610417145,-1.4453182956353738,-144.5%,Overvalued,6,24.51,10.1%,20.6%,3.3%,1.360763610417145,15.119595671301612,13.60763610417145,14.67443575718245,N/A,0.01,4
GOOGL,Alphabet Inc.,Communication Services,386.114990234375,157.1411614924706,-1.457121905980539,-145.7%,Overvalued,6,N/A,9.9%,23.0%,1.5%,15.714116149247058,174.60129054718954,157.1411614924706,176.49215582380532,175.3x,0.14,4
CLX,The Clorox Company,Consumer Defensive,87.2699966430664,35.17024628096252,-1.4813587014972145,-148.1%,Overvalued,7,3.26,7.9%,30.6%,5.1%,3.5170246280962525,39.0780514232917,35.17024628096252,118.14363373664563,13.4x,8.97,4
CMS,CMS Energy Corporation,Utilities,76.94499969482422,30.736152508703544,-1.5034037579373585,-150.3%,Overvalued,5,0.91,5.1%,5.0%,N/A,3.0736152508703545,34.15128056522616,30.736152508703544,N/A,2.2x,2.07,4
FSLR,"First Solar, Inc.",Technology,210.5749969482422,83.91946227276568,-1.5092510276555946,-150.9%,Overvalued,7,5.43,9.3%,17.1%,0.1%,8.391946227276568,93.24384696973965,83.91946227276568,N/A,36.2x,0.07,4
COF,Capital One Financial Corporation,Financial Services,192.6501007080078,76.6718919815922,-1.5126561472392033,-151.3%,Overvalued,5,N/A,10.6%,N/A,16.4%,7.667189198159219,85.19099109065799,76.6718919815922,403.36998921803576,N/A,0.44,4
J,Jacobs Solutions Inc.,Industrials,129.05999755859375,51.198644443970096,-1.520769816471064,-152.1%,Overvalued,7,3.00,7.5%,13.3%,4.1%,5.11986444439701,56.88738271552233,51.198644443970096,N/A,5.9x,0.74,4
AWK,"American Water Works Company, Inc.",Utilities,127.33999633789062,50.261029362984964,-1.533573186856991,-153.4%,Overvalued,7,0.94,6.1%,5.6%,N/A,5.026102936298496,55.845588181094406,50.261029362984964,N/A,3.1x,1.47,4
EQT,EQT Corporation,Energy,58.56999969482422,23.086427500247808,-1.5369884402511187,-153.7%,Overvalued,8,2.09,7.2%,7.6%,3.7%,2.308642750024781,25.651586111386454,23.086427500247808,N/A,6.9x,0.33,4
DHR,Danaher Corporation,Healthcare,174.6750030517578,68.82879585789874,-1.5378186684013047,-153.8%,Overvalued,5,3.75,8.2%,5.5%,4.3%,6.882879585789874,76.47643984210971,68.82879585789874,166.94272196812304,17.7x,0.37,4
GD,General Dynamics Corporation,Industrials,345.2799072265625,135.86685868024045,-1.54131074038571,-154.1%,Overvalued,7,4.23,6.0%,12.8%,3.6%,13.586685868024045,150.96317631137828,135.86685868024045,454.84239949422516,13.3x,0.38,4
BDX,"Becton, Dickinson and Company",Healthcare,148.61500549316406,58.407549707496464,-1.5444485556648802,-154.4%,Overvalued,7,1.86,5.0%,5.4%,3.9%,5.8407549707496464,64.89727745277385,58.407549707496464,428.8754821430376,4.9x,0.76,4
A,A,Healthcare,114.5374984741211,44.99255397116932,-1.545698973823876,-154.6%,Overvalued,5,4.54,10.1%,14.1%,3.7%,4.499255397116932,49.99172663463258,44.99255397116932,64.27787180100376,13.2x,0.50,4
HON,Honeywell International Inc.,Industrials,212.8800048828125,83.08173418775517,-1.562296116758085,-156.2%,Overvalued,5,3.26,7.7%,14.0%,3.1%,8.308173418775517,92.31303798639465,83.08173418775517,170.57440829639637,4.9x,2.56,4
EQR,Equity Residential,Real Estate,65.5999984741211,25.14360329713092,-1.6090134217797876,-160.9%,Overvalued,6,1.95,6.8%,3.5%,3.7%,2.514360329713092,27.93733699681213,25.14360329713092,90.22769301225175,2.8x,0.77,4
CPT,Camden Property Trust,Real Estate,104.69249725341797,39.90950254423679,-1.6232473616370922,-162.3%,Overvalued,7,1.45,7.6%,2.8%,2.5%,3.9909502544236783,44.34389171581865,39.90950254423679,80.60533004608942,2.1x,0.89,4
BR,"Broadridge Financial Solutions, Inc.",Technology,155.15020751953125,57.97280081412459,-1.6762586133621855,-167.6%,Overvalued,7,3.74,8.4%,16.9%,3.7%,5.797280081412459,64.4142231268051,57.97280081412459,N/A,8.8x,1.30,4
LNT,Alliant Energy Corporation,Utilities,74.9800033569336,27.964218484421593,-1.6812837054146077,-168.1%,Overvalued,6,1.19,5.8%,4.3%,3.0%,2.7964218484421592,31.071353871579547,27.964218484421593,N/A,2.1x,1.65,4
AEP,"American Electric Power Company, Inc.",Utilities,138.10000610351562,50.87814214450169,-1.714328791945479,-171.4%,Overvalued,5,1.01,5.6%,5.3%,N/A,5.087814214450169,56.53126904944632,50.87814214450169,N/A,2.7x,1.59,4
DUK,Duke Energy Corporation,Utilities,130.02000427246094,47.81123476110777,-1.7194446017157918,-171.9%,Overvalued,7,0.71,5.0%,4.8%,N/A,4.781123476110777,53.12359417900863,47.81123476110777,N/A,2.4x,1.75,4
APO,"Apollo Global Management, Inc.",Financial Services,131.88499450683594,48.372208029437196,-1.7264621541893754,-172.6%,Overvalued,4,N/A,10.7%,37.4%,7.3%,4.83722080294372,53.74689781048578,48.372208029437196,N/A,22.3x,0.57,4
HPE,Hewlett Packard Enterprise Company,Technology,28.84000015258789,10.417498136827914,-1.768419036297476,-176.8%,Overvalued,4,0.93,7.9%,3.0%,2.5%,1.0417498136827914,11.574997929808793,10.417498136827914,N/A,N/A,0.98,4
D,"Dominion Energy, Inc.",Utilities,64.5199966430664,23.280229119822565,-1.7714502426494227,-177.1%,Overvalued,7,0.70,5.6%,5.0%,N/A,2.3280229119822566,25.866921244247298,23.280229119822565,N/A,2.4x,1.68,4
AMGN,Amgen Inc.,Healthcare,326.7449951171875,116.13245056908633,-1.8135546396896993,-181.4%,Overvalued,7,1.69,8.1%,13.3%,3.9%,11.613245056908633,129.0360561878737,116.13245056908633,323.95576657779054,3.3x,6.31,4
BKNG,Booking Holdings Inc.,Consumer Cyclical,169.55999755859375,60.11588119610545,-1.820552476066483,-182.1%,Overvalued,6,6.40,9.9%,N/A,5.6%,6.011588119610545,66.79542355122828,60.11588119610545,145.56543643408412,5.7x,N/A,4
BXP,"BXP, Inc.",Real Estate,59.165000915527344,20.95834137146532,-1.822981068343519,-182.3%,Overvalued,5,0.59,5.5%,3.8%,4.8%,2.095834137146532,23.287045968294798,20.95834137146532,332.5724589386064,1.6x,3.37,4
CNP,"CenterPoint Energy, Inc.",Utilities,43.790000915527344,15.4585322445798,-1.8327398890590898,-183.3%,Overvalued,5,0.88,5.3%,4.9%,N/A,1.54585322445798,17.176146938422,15.4585322445798,N/A,2.3x,2.06,4
JKHY,"Jack Henry & Associates, Inc.",Technology,154.92999267578125,54.287901978079624,-1.8538585399439254,-185.4%,Overvalued,8,10.37,8.0%,22.1%,2.8%,5.428790197807962,60.319891086755135,54.287901978079624,88.64717902911596,54.5x,N/A,4
IEX,IDEX Corporation,Industrials,217.03500366210938,73.15105979551988,-1.9669427109981752,-196.7%,Overvalued,8,5.27,8.6%,10.7%,3.4%,7.315105979551988,81.27895532835542,73.15105979551988,144.6178966785463,11.2x,0.46,4
FRT,Federal Realty Investment Trust,Real Estate,114.12000274658203,38.453191525098454,-1.9677641366151817,-196.8%,Overvalued,4,1.18,7.2%,4.4%,1.7%,3.8453191525098456,42.72576836122051,38.453191525098454,N/A,2.5x,1.55,4
AKAM,"Akamai Technologies, Inc.",Technology,102.88500213623047,34.441787946137346,-1.9872143193358536,-198.7%,Overvalued,5,2.50,5.5%,5.1%,3.7%,3.4441787946137348,38.268653273485945,34.441787946137346,210.97927780278675,20.4x,1.14,4
ESS,"Essex Property Trust, Inc.",Real Estate,262.6000061035156,86.5728205705731,-2.033284631051697,-203.3%,Overvalued,6,1.63,6.6%,3.9%,3.5%,8.65728205705731,96.19202285619234,86.5728205705731,389.20769691984566,2.3x,1.24,4
EL,The Estée Lauder Companies Inc.,Consumer Defensive,81.69999694824219,26.828363705757926,-2.0452843805270042,-204.5%,Overvalued,5,2.94,8.8%,8.7%,1.8%,2.6828363705757927,29.8092930063977,26.828363705757926,N/A,3.2x,2.45,4
KO,The Coca-Cola Company,Consumer Defensive,78.88999938964844,25.56007436672089,-2.0864542198814133,-208.6%,Overvalued,6,5.00,5.8%,17.5%,2.0%,2.556007436672089,28.400082629689877,25.56007436672089,N/A,9.0x,1.41,4
ALGN,"Align Technology, Inc.",Healthcare,177.02499389648438,57.19077554961426,-2.0953417259206653,-209.5%,Overvalued,7,5.13,13.3%,15.1%,4.3%,5.719077554961426,63.54530616623806,57.19077554961426,69.44559085860169,N/A,0.03,4
ES,Eversource Energy,Utilities,71.55999755859375,23.059085645985586,-2.103331964554796,-210.3%,Overvalued,7,0.75,5.6%,5.1%,N/A,2.3059085645985586,25.62120627331732,23.059085645985586,N/A,2.4x,1.86,4
FE,FirstEnergy Corp.,Utilities,47.04499816894531,15.153056022611507,-2.104654143609342,-210.5%,Overvalued,5,0.78,5.2%,5.7%,N/A,1.5153056022611506,16.836728914012784,15.153056022611507,N/A,2.7x,2.12,4
CME,CME Group Inc.,Financial Services,290.0,93.24526297823147,-2.1100775603764648,-211.0%,Overvalued,5,N/A,5.8%,12.0%,3.4%,9.324526297823146,103.60584775359052,93.24526297823147,359.02350538472695,24.4x,0.12,4
CL,Colgate-Palmolive Company,Consumer Defensive,88.44000244140625,28.374605088659173,-2.116871659184929,-211.7%,Overvalued,5,6.97,5.6%,45.7%,3.9%,2.8374605088659175,31.527338987399084,28.374605088659173,146.44976283217812,15.9x,158.41,4
EXPE,"Expedia Group, Inc.",Consumer Cyclical,250.24000549316406,78.56070733471394,-2.1853074390865306,-218.5%,Overvalued,7,1.61,9.8%,74.7%,7.9%,7.856070733471394,87.28967481634882,78.56070733471394,327.3456366928326,7.2x,5.00,4
BLK,"BlackRock, Inc.",Financial Services,1072.4599609375,336.2932926466944,-2.189061406776891,-218.9%,Overvalued,3,N/A,11.1%,10.5%,2.4%,36.36920331427359,404.1022590474844,363.6920331427359,336.2932926466944,12.9x,0.27,4
DOW,Dow Inc.,Basic Materials,40.59000015258789,12.709134673064266,-2.193765838252884,-219.4%,Overvalued,3,1.70,5.5%,0.4%,3.6%,1.2709134673064266,14.121260747849185,12.709134673064266,N/A,0.2x,1.22,4
ATO,Atmos Energy Corporation,Utilities,190.39999389648438,58.962975380657944,-2.229144945065691,-222.9%,Overvalued,6,1.86,6.4%,5.4%,N/A,5.896297538065794,65.51441708961994,58.962975380657944,N/A,9.1x,0.69,4
CSCO,"Cisco Systems, Inc.",Technology,92.54499816894531,28.434314247438806,-2.25469421782455,-225.5%,Overvalued,8,3.71,8.2%,14.8%,3.6%,2.8434314247438808,31.593682497154234,28.434314247438806,69.49389181623121,7.8x,0.60,4
STZ,"Constellation Brands, Inc.",Consumer Defensive,154.72000122070312,47.36091952036208,-2.2668284904009033,-226.7%,Overvalued,6,2.91,5.4%,11.8%,4.6%,4.736091952036208,52.62324391151343,47.36091952036208,442.0666522346408,7.9x,1.39,4
JBHT,"J.B. Hunt Transport Services, Inc.",Industrials,249.7100067138672,76.00292231526072,-2.2855316494024813,-228.6%,Overvalued,8,6.44,10.1%,13.6%,1.7%,7.600292231526072,84.4476914614008,76.00292231526072,N/A,11.5x,0.41,4
EBAY,eBay Inc.,Consumer Cyclical,101.91000366210938,30.990990990990987,-2.288375118166902,-228.8%,Overvalued,5,6.31,9.9%,18.1%,3.5%,3.0990990990990985,34.43443443443443,30.990990990990987,60.33940133080696,9.3x,1.56,4
CMG,"Chipotle Mexican Grill, Inc.",Consumer Cyclical,33.314998626708984,10.10914198765396,-2.2955317738533845,-229.6%,Overvalued,7,6.37,9.1%,21.0%,2.6%,1.010914198765396,11.232379986282178,10.10914198765396,16.540035184350863,N/A,1.79,4
EFX,Equifax Inc.,Industrials,174.66000366210938,52.61294411201507,-2.3197154542473655,-232.0%,Overvalued,8,3.26,10.4%,9.1%,2.5%,5.261294411201507,58.458826791127855,52.61294411201507,N/A,5.2x,1.11,4
COO,"The Cooper Companies, Inc.",Healthcare,62.35499954223633,18.542967802919392,-2.362730292419491,-236.3%,Overvalued,6,3.23,8.6%,5.1%,2.4%,1.8542967802919392,20.603297558799326,18.542967802919392,32.57403425841282,6.8x,0.30,4
GILD,"Gilead Sciences, Inc.",Healthcare,130.57000732421875,38.76680242283769,-2.368088136340577,-236.8%,Overvalued,8,4.28,6.0%,23.1%,4.9%,3.8766802422837694,43.07422491426411,38.76680242283769,247.67958784196279,11.4x,1.10,4
APD,"Air Products and Chemicals, Inc.",Basic Materials,302.2200012207031,89.71237820809219,-2.3687659078626724,-236.9%,Overvalued,2,2.87,6.8%,7.2%,N/A,8.971237820809218,99.68042023121355,89.71237820809219,N/A,13.5x,1.23,4
IBM,International Business Machines Corporation,Technology,232.1199951171875,68.51368073346143,-2.3879364330198993,-238.8%,Overvalued,6,3.24,6.6%,11.8%,4.1%,6.851368073346143,76.12631192606827,68.51368073346143,337.13850452883895,6.5x,1.98,4
INCY,Incyte Corporation,Healthcare,96.63999938964844,28.249820410636776,-2.4209066813487077,-242.1%,Overvalued,7,8.49,8.7%,50.3%,4.5%,2.8249820410636777,31.388689345151974,28.249820410636776,N/A,553.0x,0.01,4
ETR,Entergy Corporation,Utilities,118.18000030517578,34.36827830780836,-2.4386360366013933,-243.9%,Overvalued,6,1.13,5.8%,5.5%,N/A,3.436827830780836,38.18697589756485,34.36827830780836,N/A,2.4x,1.82,4
EXR,Extra Space Storage Inc.,Real Estate,142.32000732421875,41.34249260635009,-2.442463149944636,-244.2%,Overvalued,7,1.48,8.5%,4.3%,3.5%,4.134249260635009,45.93610289594455,41.34249260635009,138.62583294998555,2.3x,1.04,4
ALL,The Allstate Corporation,Financial Services,218.8300018310547,63.35672870112,-2.4539346698811846,-245.4%,Overvalued,5,N/A,5.3%,N/A,10.8%,13.083629213832769,145.3736579314752,63.35672870112,N/A,N/A,0.24,4
INVH,Invitation Homes Inc.,Real Estate,28.46500015258789,8.184765443345196,-2.4778027971139953,-247.8%,Overvalued,7,1.28,6.8%,3.3%,3.5%,0.8184765443345197,9.094183825939108,8.184765443345196,40.69558767765869,2.1x,0.88,4
FCX,Freeport-McMoRan Inc.,Basic Materials,57.220001220703125,16.38625822617157,-2.4919504154592964,-249.2%,Overvalued,6,2.81,10.7%,20.1%,1.6%,1.6386258226171568,18.206953584635077,16.38625822617157,N/A,17.6x,0.56,4
ALB,Albemarle Corporation,Basic Materials,192.7899932861328,54.56957651278042,-2.53292082523273,-253.3%,Overvalued,5,2.95,10.7%,0.5%,N/A,5.456957651278042,60.63286279197825,54.56957651278042,N/A,0.3x,0.35,4
IVZ,Invesco Ltd.,Financial Services,26.3799991607666,7.426686217008798,-2.552055168340143,-255.2%,Overvalued,6,N/A,7.1%,-2.5%,4.9%,0.7426686217008798,8.25187357445422,7.426686217008798,N/A,-8.4x,0.80,4
GRMN,Garmin Ltd.,Technology,247.61000061035156,69.203684324268,-2.577988701441448,-257.8%,Overvalued,7,16.78,9.2%,21.6%,2.4%,6.9203684324268,76.89298258252,69.203684324268,93.24814865698173,N/A,0.02,4
ICE,"Intercontinental Exchange, Inc.",Financial Services,157.69000244140625,43.619629619656195,-2.615115575634022,-261.5%,Overvalued,8,N/A,8.2%,8.2%,3.2%,4.361962961965619,48.466255132951325,43.619629619656195,120.64385105303207,6.2x,0.70,4
CHRW,"C.H. Robinson Worldwide, Inc.",Industrials,179.82000732421875,49.18149926211968,-2.656253063084614,-265.6%,Overvalued,7,9.62,8.7%,20.4%,3.8%,4.918149926211968,54.64611029124409,49.18149926211968,N/A,11.0x,0.76,4
COR,"Cencora, Inc.",Healthcare,306.0,83.6295068353279,-2.6589956294078654,-265.9%,Overvalued,6,4.87,7.6%,64.6%,4.7%,8.362950683532791,92.92167426147546,83.6295068353279,345.0667836623626,9.4x,5.08,4
HUBB,Hubbell Incorporated,Industrials,513.3400268554688,139.71781546325155,-2.6741200479940725,-267.4%,Overvalued,5,5.81,8.8%,16.3%,2.4%,13.971781546325154,155.2420171813906,139.71781546325155,240.54102777029243,18.9x,0.65,4
FFIV,"F5, Inc.",Technology,321.94500732421875,87.05557415467024,-2.698155005585561,-269.8%,Overvalued,8,5.88,9.0%,24.9%,3.9%,8.705557415467023,96.72841572741137,87.05557415467024,203.96167853250628,N/A,0.07,4
CBRE,"CBRE Group, Inc.",Real Estate,142.77000427246094,38.57363554541084,-2.7012327786522703,-270.1%,Overvalued,5,3.13,9.7%,6.0%,2.1%,3.8573635545410836,42.859595050456484,38.57363554541084,N/A,N/A,1.13,4
CHD,"Church & Dwight Co., Inc.",Consumer Defensive,97.33999633789062,26.296559485481406,-2.701624784475437,-270.2%,Overvalued,7,4.99,6.5%,14.7%,3.6%,2.6296559485481406,29.218399428312672,26.296559485481406,112.88480673555844,11.3x,0.55,4
JBL,Jabil Inc.,Technology,342.3299865722656,91.44322498449377,-2.7436342236433076,-274.4%,Overvalued,5,3.62,9.6%,38.5%,2.0%,9.144322498449377,101.60358331610419,91.44322498449377,N/A,9.8x,2.22,4
CMI,Cummins Inc.,Industrials,662.780029296875,174.94540256862888,-2.788496408397327,-278.8%,Overvalued,5,5.23,9.5%,17.3%,1.7%,17.494540256862887,194.38378063180986,174.94540256862888,N/A,11.7x,0.66,4
BMY,Bristol-Myers Squibb Company,Healthcare,58.810001373291016,15.254179929985101,-2.855336808876127,-285.5%,Overvalued,8,2.39,7.6%,19.6%,8.2%,1.52541799299851,16.94908881109456,15.254179929985101,140.08641280508678,7.3x,2.55,4
INTU,Intuit Inc.,Technology,395.93560791015625,101.98879045380582,-2.882148284614562,-288.2%,Overvalued,9,5.65,10.0%,16.6%,4.2%,10.198879045380583,113.32087828200648,101.98879045380582,254.37721131580176,20.0x,0.34,4
AME,"AMETEK, Inc.",Industrials,229.60000610351562,58.16019491967948,-2.9477172733103507,-294.8%,Overvalued,6,7.74,9.3%,12.1%,2.7%,5.816019491967948,64.62243879964387,58.16019491967948,106.93872855494371,23.5x,0.22,4
CRL,"Charles River Laboratories International, Inc.",Healthcare,165.80499267578125,41.89177932939835,-2.957936266493805,-295.8%,Overvalued,5,2.33,10.3%,5.7%,4.0%,4.189177932939835,46.54642147710928,41.89177932939835,120.71496896817301,3.7x,0.81,4
BKR,Baker Hughes Company,Energy,69.02999877929688,17.41058865402342,-2.9648285391743316,-296.5%,Overvalued,6,2.88,8.4%,13.3%,2.6%,1.7410588654023422,19.34509850447047,17.41058865402342,N/A,16.0x,0.32,4
DOC,"Healthpeak Properties, Inc.",Real Estate,16.260900497436523,4.030694937895309,-3.0342672288484844,-303.4%,Overvalued,5,0.76,6.3%,2.5%,5.0%,0.40306949378953094,4.478549930994788,4.030694937895309,47.27393032216536,1.8x,1.35,4
DXCM,"DexCom, Inc.",Healthcare,61.0099983215332,14.87017837996984,-3.1028423978903836,-310.3%,Overvalued,7,6.04,8.9%,22.4%,2.6%,1.487017837996984,16.522420422188713,14.87017837996984,N/A,49.8x,0.51,4
AAPL,Apple Inc.,Technology,283.5400085449219,68.54781031990703,-3.1363831641253577,-313.6%,Overvalued,8,11.01,9.3%,77.0%,2.5%,6.8547810319907025,76.16423368878559,68.54781031990703,117.46560936770295,N/A,1.34,4
XYZ,"Block, Inc.",Technology,71.81999969482422,17.136162456361596,-3.1911367190710718,-319.1%,Overvalued,6,2.85,15.1%,12.1%,2.4%,1.7136162456361594,19.04018050706844,17.136162456361596,N/A,N/A,0.40,4
AMT,American Tower Corporation,Real Estate,182.80999755859375,43.108604390935895,-3.2406846647309173,-324.1%,Overvalued,7,1.20,6.7%,8.3%,2.4%,4.31086043909359,47.89844932326211,43.108604390935895,181.11061704061373,3.6x,12.31,4
BX,Blackstone Inc.,Financial Services,128.06500244140625,30.094532755301092,-3.2554241822826726,-325.5%,Overvalued,6,N/A,12.3%,N/A,2.7%,3.009453275530109,33.43836972811233,30.094532755301092,67.03568530154945,N/A,1.54,4
TECH,Bio-Techne Corporation,Healthcare,54.98500061035156,12.764496511840735,-3.3076513483587706,-330.8%,Overvalued,5,9.65,11.3%,8.7%,2.8%,1.2764496511840735,14.18277390204526,12.764496511840735,19.612910571079023,28.5x,0.23,4
IR,Ingersoll Rand Inc.,Industrials,77.9000015258789,17.909124291632615,-3.3497381701837226,-335.0%,Overvalued,6,3.31,10.1%,8.7%,3.3%,1.7909124291632614,19.899026990702904,17.909124291632615,41.79353404638982,5.9x,0.48,4
AJG,Arthur J. Gallagher & Co.,Financial Services,213.39999389648438,49.06027902534451,-3.3497509214377295,-335.0%,Overvalued,6,N/A,8.3%,5.7%,2.7%,4.906027902534451,54.511421139271675,49.06027902534451,138.39978146479595,4.0x,0.58,4
FAST,Fastenal Company,Industrials,44.560001373291016,10.127957233180705,-3.3997027581540107,-340.0%,Overvalued,7,32.10,8.5%,31.8%,2.0%,1.0127957233180704,11.253285814645228,10.127957233180705,16.420807888059613,267.0x,0.11,4
ECL,Ecolab Inc.,Basic Materials,259.9158020019531,58.883146123877225,-3.4140950188895696,-341.4%,Overvalued,6,4.74,8.8%,12.6%,2.0%,5.888314612387722,65.42571791541914,58.883146123877225,102.00940626676724,9.4x,0.92,4
JCI,Johnson Controls International plc,Industrials,146.16000366210938,33.08896091830784,-3.4171832419566943,-341.7%,Overvalued,6,2.99,10.4%,10.0%,1.5%,3.4216069756349206,38.01785528483245,34.216069756349206,33.08896091830784,12.5x,0.76,4
CAT,Caterpillar Inc.,Industrials,883.9099731445312,197.27594904732973,-3.4805764585751238,-348.1%,Overvalued,6,5.38,10.9%,16.1%,1.8%,19.727594904732975,219.1954989414775,197.27594904732973,218.32143151759587,22.2x,2.03,4
FTNT,"Fortinet, Inc.",Technology,86.19499969482422,19.135652000164395,-3.504419274247029,-350.4%,Overvalued,6,5.49,9.2%,N/A,3.0%,1.9135652000164396,21.26183555573822,19.135652000164395,41.03332530927975,103.7x,0.81,4
AMAT,"Applied Materials, Inc.",Technology,393.1499938964844,86.80587636897413,-3.529071191279428,-352.9%,Overvalued,6,15.89,12.4%,33.1%,2.0%,8.680587636897412,96.45097374330459,86.80587636897413,88.11216630301824,31.5x,0.35,4
CTAS,Cintas Corporation,Industrials,172.4949951171875,37.289628412155906,-3.625816948633269,-362.6%,Overvalued,8,11.80,9.2%,26.3%,2.1%,3.7289628412155906,41.432920457951006,37.289628412155906,62.26459074926218,23.3x,0.57,4
CBOE,"Cboe Global Markets, Inc.",Financial Services,322.9100036621094,68.2938205856961,-3.728246287772363,-372.8%,Overvalued,7,N/A,6.1%,26.5%,3.3%,6.8293820585696094,75.88202287299566,68.2938205856961,N/A,29.0x,0.31,4
EME,"EMCOR Group, Inc.",Industrials,890.0499877929688,186.71564115778034,-3.766874281522295,-376.7%,Overvalued,7,7.66,9.8%,40.9%,2.4%,18.671564115778033,207.4618235086448,186.71564115778034,N/A,130.5x,0.13,4
GE,GE Aerospace,Industrials,289.4200134277344,60.09082959643437,-3.816375732727574,-381.6%,Overvalued,6,3.16,11.0%,25.6%,1.7%,6.009082959643437,66.76758844048264,60.09082959643437,63.38730155344615,10.3x,1.10,4
FICO,Fair Isaac Corporation,Technology,1026.72998046875,212.1168746059339,-3.8403974571857455,-384.0%,Overvalued,7,9.99,10.4%,61.9%,2.2%,21.21168746059339,235.68541622881543,212.1168746059339,349.1687120788709,7.0x,N/A,4
BSX,Boston Scientific Corporation,Healthcare,57.4900016784668,11.847526718901234,-3.8524897257035726,-385.2%,Overvalued,7,3.70,7.6%,9.3%,2.2%,1.1847526718901233,13.163918576556927,11.847526718901234,N/A,11.4x,0.47,4
ETN,Eaton Corporation plc,Industrials,424.1099853515625,87.38087887547505,-3.8535788471062893,-385.4%,Overvalued,7,6.06,9.7%,14.0%,1.7%,8.738087887547504,97.08986541719449,87.38087887547505,117.77391488170721,21.6x,0.54,4
MMM,3M Company,Industrials,144.9600067138672,29.742089199114815,-3.8739012832421165,-387.4%,Overvalued,5,4.09,9.6%,31.4%,3.3%,2.9742089199114816,33.04676577679424,29.742089199114815,N/A,5.1x,2.68,4
EA,Electronic Arts Inc.,Communication Services,202.0500030517578,39.80959914868476,-4.07540913178055,-407.5%,Overvalued,7,6.81,7.8%,20.1%,3.5%,3.980959914868476,44.23288794298307,39.80959914868476,150.9391965224776,27.2x,0.31,4
ADSK,"Autodesk, Inc.",Technology,243.67999267578125,46.97867298578199,-4.187034396427727,-418.7%,Overvalued,7,4.08,11.2%,40.1%,3.4%,4.697867298578199,52.19852553975777,46.97867298578199,107.08205492291037,N/A,0.90,4
IDXX,"IDEXX Laboratories, Inc.",Healthcare,568.2050170898438,109.26918946296936,-4.200047880673671,-420.0%,Overvalued,8,20.94,12.8%,44.7%,1.6%,10.926918946296936,121.41021051441041,109.26918946296936,N/A,35.0x,0.61,4
IBKR,"Interactive Brokers Group, Inc.",Financial Services,80.55999755859375,15.254148692531402,-4.281186068288216,-428.1%,Overvalued,5,N/A,10.7%,1657.1%,6.2%,1.5254148692531402,16.94905410281267,15.254148692531402,N/A,2.1x,0.00,4
HLT,Hilton Worldwide Holdings Inc.,Consumer Cyclical,323.4800109863281,59.17020131380514,-4.466941193435762,-446.7%,Overvalued,6,3.01,9.0%,31.3%,2.1%,5.9170201313805135,65.74466812645015,59.17020131380514,132.83291011158883,4.3x,N/A,4
PODD,Insulet Corporation,Healthcare,176.11000061035156,31.62911535468629,-4.567971112548313,-456.8%,Overvalued,7,6.30,11.2%,21.4%,1.3%,3.1629115354686292,35.14346150520699,31.62911535468629,N/A,8.0x,0.63,4
CTVA,"Corteva, Inc.",Basic Materials,81.12000274658203,14.459530772519425,-4.610140745421139,-461.0%,Overvalued,7,2.52,7.7%,9.3%,2.8%,1.4459530772519424,16.06614530279936,14.459530772519425,N/A,14.6x,0.11,4
GNRC,Generac Holdings Inc.,Industrials,257.614990234375,44.13089896454519,-4.837519658082269,-483.8%,Overvalued,6,5.05,12.4%,6.0%,1.9%,4.413089896454519,49.03433218282799,44.13089896454519,N/A,4.1x,0.57,4
ABBV,AbbVie Inc.,Healthcare,208.13999938964844,35.62236557002478,-4.842958379069367,-484.3%,Overvalued,7,2.27,5.8%,26.9%,4.8%,3.5622365570024783,39.58040618891643,35.62236557002478,432.20285069363035,6.9x,N/A,4
CEG,Constellation Energy Corporation,Utilities,316.2099914550781,51.967366497733096,-5.0847799833934575,-508.5%,Overvalued,5,2.54,9.9%,16.7%,N/A,5.196736649773309,57.74151833081455,51.967366497733096,N/A,8.2x,0.62,4
CSGP,"CoStar Group, Inc.",Real Estate,34.83000183105469,5.451741994109229,-5.388783964591419,-538.9%,Overvalued,6,4.69,8.6%,-0.7%,1.0%,0.5451741994109229,6.057491104565811,5.451741994109229,N/A,N/A,0.14,4
COST,Costco Wholesale Corporation,Consumer Defensive,1021.739990234375,155.5383859630331,-5.569053574191084,-556.9%,Overvalued,6,10.12,9.1%,35.4%,1.4%,15.553838596303311,172.82042884781458,155.5383859630331,234.04819500740865,67.4x,0.28,4
CASY,"Casey's General Stores, Inc.",Consumer Cyclical,829.6300048828125,124.12210223049686,-5.68398286827414,-568.4%,Overvalued,6,6.77,7.1%,10.2%,1.4%,12.412210223049687,137.9134469227743,124.12210223049686,309.960083638944,N/A,0.84,4
APH,Amphenol Corporation,Technology,144.07000732421875,21.401368785884138,-5.7318127529882155,-573.2%,Overvalued,6,6.68,8.8%,26.5%,1.4%,2.1401368785884136,23.779298650982373,21.401368785884138,N/A,16.2x,1.16,4
ARES,Ares Management Corporation,Financial Services,124.20999908447266,18.387355141044242,-5.755185731264372,-575.5%,Overvalued,5,N/A,10.1%,4.1%,2.2%,1.8387355141044242,20.43039460116027,18.387355141044242,N/A,1.2x,3.33,4
AMZN,"Amazon.com, Inc.",Consumer Cyclical,269.7298889160156,38.268817551609565,-6.0482943078200995,-604.8%,Overvalued,6,5.92,10.8%,13.2%,0.5%,3.8268817551609566,42.5209083906773,38.268817551609565,N/A,35.2x,0.37,4
ADI,"Analog Devices, Inc.",Technology,397.8299865722656,51.032722976178995,-6.795586113599392,-679.6%,Overvalued,8,9.06,9.4%,5.9%,1.8%,5.1032722976179,56.703025529087775,51.032722976178995,122.31763128986155,9.5x,0.26,4
DLR,"Digital Realty Trust, Inc.",Real Estate,201.25999450683594,23.197035744173515,-7.676108306527361,-767.6%,Overvalued,6,1.94,8.1%,1.9%,2.3%,2.3197035744173515,25.774484160192795,23.197035744173515,115.51852278391517,2.1x,0.86,4
ANET,"Arista Networks, Inc.",Technology,176.42999267578125,19.46371493810033,-8.064559013367923,-806.5%,Overvalued,5,21.31,11.8%,29.3%,1.2%,1.9463714938100332,21.62634993122259,19.46371493810033,N/A,N/A,N/A,4
CDNS,"Cadence Design Systems, Inc.",Technology,337.0050048828125,36.71300690898516,-8.17944437834466,-817.9%,Overvalued,6,14.33,9.4%,25.6%,1.4%,3.6713006908985157,40.7922298988724,36.71300690898516,73.69859003057668,14.2x,0.48,4
HWM,Howmet Aerospace Inc.,Industrials,240.0,24.31287843850015,-8.871311642802155,-887.1%,Overvalued,8,12.00,10.3%,21.4%,0.9%,2.431287843850015,27.014309376111278,24.31287843850015,N/A,14.0x,0.60,4
CAH,"Cardinal Health, Inc.",Healthcare,193.88999938964844,19.1763402963613,-9.110896886119557,-911.1%,Overvalued,6,4.79,6.7%,98.0%,5.1%,1.9176340296361298,21.307044773734777,19.1763402963613,300.05271119088576,10.8x,N/A,4
APP,AppLovin Corporation,Communication Services,459.2950134277344,41.479845506957524,-10.07272719592689,-1007.3%,Overvalued,9,21.57,16.6%,102.7%,1.2%,4.147984550695752,46.088717229952806,41.479845506957524,N/A,20.1x,1.66,4
EQIX,"Equinix, Inc.",Real Estate,1087.969970703125,97.31379650164733,-10.180017734532717,-1018.0%,Overvalued,5,2.70,8.0%,4.4%,0.2%,9.731379650164733,108.12644055738593,97.31379650164733,N/A,3.7x,1.61,4
FIX,"Comfort Systems USA, Inc.",Industrials,1838.6600341796875,150.15556883241902,-11.245033923661682,-1124.5%,Overvalued,7,12.51,12.3%,53.2%,1.0%,15.015556883241903,166.83952092491003,150.15556883241902,N/A,188.0x,0.20,4
COIN,"Coinbase Global, Inc.",Financial Services,193.02000427246094,14.675702763862395,-12.15235170527952,-1215.2%,Overvalued,5,N/A,17.5%,10.1%,2.4%,1.4675702763862395,16.30633640429155,14.675702763862395,N/A,17.0x,0.53,4
GLW,Corning Incorporated,Technology,160.1999969482422,11.637773335835227,-12.765519599436747,-1276.6%,Overvalued,7,6.05,9.2%,9.2%,0.7%,1.1637773335835226,12.93085926203914,11.637773335835227,19.380538390989056,6.8x,0.79,4
IRM,Iron Mountain Incorporated,Real Estate,126.51000213623047,8.958301726741102,-13.122096575357588,-1312.2%,Overvalued,4,1.19,7.4%,6.2%,N/A,0.8958301726741101,9.953668585267891,8.958301726741102,N/A,1.7x,N/A,4
AVGO,Broadcom Inc.,Technology,420.82000732421875,28.82884178901099,-13.597187441800987,-1359.7%,Overvalued,8,14.36,10.4%,15.8%,1.0%,2.882884178901099,32.03204643223444,28.82884178901099,58.77907611805531,8.1x,0.80,4
AXON,"Axon Enterprise, Inc.",Industrials,402.3699951171875,25.579635090271395,-14.730091289309257,-1473.0%,Overvalued,4,6.12,11.9%,-1.2%,0.5%,2.5579635090271395,28.421816766968217,25.579635090271395,N/A,-0.7x,0.59,4
CNC,Centene Corporation,Healthcare,53.345001220703125,2.708602927923822,-18.694655377779103,-1869.5%,Overvalued,4,3.02,5.5%,-1.2%,15.4%,0.2708602927923822,3.009558808804247,2.708602927923822,N/A,-0.5x,0.91,4
AMD,"Advanced Micro Devices, Inc.",Technology,354.3900146484375,12.497402541389222,-27.357093682047882,-2735.7%,Overvalued,7,25.90,14.1%,4.8%,0.6%,1.2497402541389222,13.886002823765804,12.497402541389222,N/A,28.2x,0.06,4
GEV,GE Vernova Inc.,Industrials,1072.0,30.347574247312707,-34.324075369711835,-3432.4%,Overvalued,7,4.21,10.3%,31.3%,0.5%,3.0347574247312705,33.71952694145856,30.347574247312707,N/A,N/A,0.10,4
CVNA,Carvana Co.,Consumer Cyclical,390.7900085449219,8.376514439781126,-45.653057349129696,-4565.3%,Overvalued,5,8.22,19.2%,22.4%,0.2%,0.8376514439781126,9.307238266423473,8.376514439781126,N/A,3.7x,1.60,4
CIEN,Ciena Corporation,Technology,537.4000244140625,10.873936384030639,-48.42092775191173,-4842.1%,Overvalued,7,15.23,9.4%,7.5%,0.3%,1.0873936384030638,12.08215153781182,10.873936384030639,N/A,3.4x,0.60,4
DDOG,"Datadog, Inc.",Technology,140.4600067138672,2.1910231337578496,-63.107039560537444,-6310.7%,Overvalued,7,11.51,10.6%,-0.8%,1.3%,0.21910231337578498,2.434470148619833,2.1910231337578496,N/A,-4.0x,0.34,4
F,Ford Motor Company,Consumer Cyclical,11.904999732971191,0.039972284005026226,-296.83136063664074,-29683.1%,Overvalued,3,0.80,5.0%,-4.1%,3.4%,0.003997228400502623,0.044413648894473585,0.039972284005026226,N/A,-6.9x,4.61,4
